{"sum_adapted_reward": 0, "accuracy": 0.005, "_timestamp": 1698684757.3291967, "_runtime": 75.20689272880554, "_step": 0, "_wandb": {"runtime": 73}}