{"sum_adapted_reward": 0, "_timestamp": 1697616341.7311964, "_runtime": 6.544504404067993, "_step": 1, "_wandb": {"runtime": 6}}