{"sum_adapted_reward": 0, "_timestamp": 1698675180.2705991, "_runtime": 3.663090229034424, "_step": 0, "_wandb": {"runtime": 2}}