{"sum_adapted_reward": 0, "_timestamp": 1698675220.1658127, "_runtime": 6.732422828674316, "_step": 0, "_wandb": {"runtime": 2}}