{"sum_adapted_reward": 0, "_timestamp": 1697851859.4814694, "_runtime": 235414.14365935326, "_step": 114582}