{"sum_adapted_reward": 0, "_timestamp": 1698674994.4664645, "_runtime": 48.5795624256134, "_step": 0, "_wandb": {"runtime": 47}}