{"sum_adapted_reward": 0, "_timestamp": 1698675146.3976371, "_runtime": 3.7922470569610596, "_step": 0, "_wandb": {"runtime": 2}}