{"sum_adapted_reward": 0, "_timestamp": 1697616295.0530245, "_runtime": 606.3744974136353, "_step": 11463, "_wandb": {"runtime": 605}}